{
  "accuracy": 0.8629148602485657,
  "auc_roc": 0.9824116826057434,
  "precision": 0.9276896119117737,
  "recall": 0.7590187788009644,
  "f1_macro": 0.8607421474164386,
  "f1_weighted": 0.8631961611652805
}